{"cameraMode":{"drawMode":0,"name":"Shaded","section":"Shading Mode"},"sceneLighting":true,"audioPlay":false,"sceneViewState":{"showFog":true,"showMaterialUpdate":false,"showSkybox":true,"showFlares":true,"showImageEffects":true,"showParticleSystems":true},"in2DMode":false,"pivot":{"x":-8.6122465133667,"y":3.0311031341552736,"z":-4.161909103393555},"rotation":{"x":-0.48712241649627688,"y":0.007071188651025295,"z":-0.003944455645978451,"w":-0.8732962012290955},"size":26.01211166381836,"orthographic":false}